sex,age,education,job,eyesight,assistant,phoneModel,screenResolutionX,screenResolutionY,sharpness,aesthetic,familiarity,efficiency,bigFont,_id
1,50,高中,6.批发和零售业,老花眼,佩戴眼镜,iOS,375,667,5,4,4,5,3,6270ba0196f14ef90e103884
1,68,高中,8.住宿和餐饮业,老花眼,进行过手术,iOS,390,844,4,3,5,3,4,6270bb7696f14ef90e103885
0,21,本科,11.房地产业,完全正常,无,iOS,414,896,5,4,3,5,3,6270c07096f14ef90e103886
0,,小学,1.农、林、牧、渔业,老花眼,佩戴眼镜,AndroidOS,340,680,4,4,3,3,4,6270cacf96f14ef90e103887
1,56,硕士及以上,16.教育,完全正常,无,AndroidOS,400,856,4,4,3,3,3,6270d9a696f14ef90e103888
1,58,本科,16.教育,完全正常,无,AndroidOS,360,747,5,5,4,4,4,6270de5996f14ef90e103889
1,58,本科,16.教育,完全正常,无,AndroidOS,360,747,5,5,4,4,4,6270ded696f14ef90e10388a
0,,本科,16.教育,老花眼,佩戴眼镜,AndroidOS,341,737,5,5,5,5,5,6270df6196f14ef90e10388b
0,51,本科,16.教育,近视,佩戴眼镜,AndroidOS,400,867,3,4,3,5,3,6270e00796f14ef90e10388c
0,,本科,16.教育,完全正常,无,AndroidOS,360,800,4,4,3,3,4,6270e04d96f14ef90e10388d
0,,本科,16.教育,老花眼,佩戴眼镜,AndroidOS,341,737,5,5,5,5,5,6270e09e96f14ef90e10388e
0,,本科,16.教育,完全正常,无,AndroidOS,360,800,4,4,3,3,4,6270e0d196f14ef90e10388f
0,,本科,16.教育,完全正常,无,AndroidOS,360,800,4,4,3,3,4,6270e0d196f14ef90e103890
0,,本科,16.教育,老花眼,无,AndroidOS,440,783,5,5,5,5,5,6270e1df96f14ef90e103891
1,58,本科,16.教育,老花眼,无,AndroidOS,341,728,3,3,3,3,3,6270e31e96f14ef90e103892
0,,本科,9.信息传输、软件和信息技术服务业,老花眼,佩戴眼镜,AndroidOS,341,759,,,,,,6270e34096f14ef90e103893
1,,本科,16.教育,完全正常,无,AndroidOS,400,825,5,5,5,5,5,6270e4fc96f14ef90e103894
0,57,初中,16.教育,老花眼,佩戴眼镜,AndroidOS,341,718,2,4,3,4,3,6270e79096f14ef90e103895
0,57,初中,16.教育,老花眼,佩戴眼镜,AndroidOS,341,718,2,4,3,4,3,6270e7b596f14ef90e103896
0,57,初中,16.教育,老花眼,佩戴眼镜,AndroidOS,341,718,2,4,3,4,3,6270e7b596f14ef90e103897
1,59,本科,16.教育,近视,佩戴眼镜,iOS,375,667,5,5,5,5,5,6270e9b296f14ef90e103898
0,,本科,16.教育,完全正常,无,iOS,390,844,3,4,3,3,3,6270e9ba96f14ef90e103899
0,62,高中,,近视,无,AndroidOS,400,845,5,5,3,3,5,6270edc896f14ef90e10389a
0,62,高中,,近视,无,AndroidOS,400,845,5,5,3,3,5,6270eee896f14ef90e10389b
1,64,初中,16.教育,老花眼,无,AndroidOS,360,747,5,5,4,4,4,6270ef1f96f14ef90e10389c
1,1,高中,9.信息传输、软件和信息技术服务业,其他疾病,进行过手术,AndroidOS,400,867,4,3,3,2,5,6270efb096f14ef90e10389d
1,,初中,6.批发和零售业,老花眼,佩戴眼镜,AndroidOS,360,800,3,,3,4,2,6270f19f96f14ef90e10389e
1,,初中,6.批发和零售业,老花眼,佩戴眼镜,AndroidOS,360,800,3,,3,4,2,6270f19f96f14ef90e10389f
0,66,初中,1.农、林、牧、渔业,近视,佩戴眼镜,AndroidOS,400,892,5,5,3,4,4,6270f21996f14ef90e1038a0
0,62,高中,6.批发和零售业,完全正常,无,AndroidOS,400,889,4,5,4,5,3,6270f27796f14ef90e1038a1
1,62,初中,1.农、林、牧、渔业,其他疾病,无,AndroidOS,360,640,1,2,2,5,5,6270f2b396f14ef90e1038a2
0,66,初中,1.农、林、牧、渔业,完全正常,无,AndroidOS,440,880,3,4,2,3,5,6270f2b996f14ef90e1038a3
0,62,初中,15.居民服务、修理和其他服务业,完全正常,无,AndroidOS,400,867,3,4,4,5,3,6270f2e296f14ef90e1038a4
0,61,初中,16.教育,完全正常,无,AndroidOS,400,867,3,3,4,4,4,6270f30296f14ef90e1038a5
0,,初中,1.农、林、牧、渔业,老花眼,佩戴眼镜,AndroidOS,440,783,,,,,,6270f31896f14ef90e1038a6
0,61,初中,5.建筑业,完全正常,无,AndroidOS,401,889,5,5,2,5,2,6270f31b96f14ef90e1038a7
0,60,初中,8.住宿和餐饮业,近视,佩戴眼镜,AndroidOS,400,867,4,5,3,3,3,6270f34b96f14ef90e1038a8
1,,高中,1.农、林、牧、渔业,近视,佩戴眼镜,AndroidOS,360,800,3,3,3,3,3,6270f39c96f14ef90e1038a9
0,60,初中,8.住宿和餐饮业,近视,佩戴眼镜,AndroidOS,400,867,4,5,3,3,3,6270f3b596f14ef90e1038aa
0,57,本科,16.教育,近视,佩戴眼镜,AndroidOS,360,720,,,1,5,,6270f3e896f14ef90e1038ab
,iOS,375,667,0,本科,16.教育,完全正常,无,3,3,3,2,4,6270f42196f14ef90e1038ac
0,62,高中,16.教育,完全正常,无,AndroidOS,440,978,5,3,4,5,5,6270f46a96f14ef90e1038ad
0,62,初中,1.农、林、牧、渔业,近视,无,AndroidOS,400,889,3,5,2,5,4,6270f4a496f14ef90e1038ae
1,,初中,1.农、林、牧、渔业,老花眼,佩戴眼镜,AndroidOS,360,803,4,3,3,4,4,6270f4a496f14ef90e1038af
0,,初中,1.农、林、牧、渔业,老花眼,佩戴眼镜,AndroidOS,341,737,5,5,5,5,5,6270f4bd96f14ef90e1038b0
0,,高中,16.教育,完全正常,无,AndroidOS,400,870,4,4,4,4,4,6270f4e396f14ef90e1038b1
0,61,初中,1.农、林、牧、渔业,其他疾病,无,AndroidOS,341,749,5,1,1,2,5,6270f50496f14ef90e1038b2
0,65,初中,16.教育,老花眼,无,AndroidOS,400,867,3,3,4,5,4,6270f53c96f14ef90e1038b3
0,61,初中,6.批发和零售业,老花眼,无,AndroidOS,303,655,5,2,3,5,5,6270f57d96f14ef90e1038b4
,iOS,375,667,0,16.教育,完全正常,无,3,3,3,2,4,初中,6270f58b96f14ef90e1038b5
0,61,初中,6.批发和零售业,老花眼,无,AndroidOS,303,655,5,2,3,5,5,6270f5ac96f14ef90e1038b6
0,61,初中,6.批发和零售业,老花眼,无,AndroidOS,303,655,5,2,3,5,5,6270f5ac96f14ef90e1038b7
0,,小学,1.农、林、牧、渔业,完全正常,无,AndroidOS,400,889,3,2,3,4,4,6270f5b496f14ef90e1038b8
1,66,小学,1.农、林、牧、渔业,老花眼,佩戴眼镜,AndroidOS,401,858,,,,,,6270f5ed96f14ef90e1038b9
0,63,初中,1.农、林、牧、渔业,老花眼,佩戴眼镜,AndroidOS,360,800,3,3,3,3,2,6270f5f896f14ef90e1038ba
0,,初中,7.交通运输、仓储和邮政业,老花眼,佩戴眼镜,AndroidOS,360,640,3,3,3,2,5,6270f61a96f14ef90e1038bb
1,,高中,1.农、林、牧、渔业,老花眼,佩戴眼镜,AndroidOS,341,737,3,4,3,4,4,6270f62396f14ef90e1038bc
1,,高中,1.农、林、牧、渔业,老花眼,佩戴眼镜,AndroidOS,341,737,3,4,3,4,4,6270f62396f14ef90e1038bd
1,60,初中,1.农、林、牧、渔业,完全正常,无,AndroidOS,360,800,3,3,3,4,3,6270f66096f14ef90e1038be
1,61,小学,1.农、林、牧、渔业,完全正常,无,AndroidOS,401,845,4,4,3,4,4,6270f66896f14ef90e1038bf
0,,高中,16.教育,完全正常,无,AndroidOS,360,800,5,4,3,3,3,6270f66996f14ef90e1038c0
0,,初中,1.农、林、牧、渔业,完全正常,无,AndroidOS,309,637,5,5,5,5,5,6270f6a396f14ef90e1038c1
0,,高中,16.教育,完全正常,无,AndroidOS,360,780,5,5,5,5,5,6270f6b996f14ef90e1038c2
0,,高中,16.教育,老花眼,无,AndroidOS,400,889,5,4,5,5,5,6270f6c796f14ef90e1038c3
0,,高中,16.教育,老花眼,无,AndroidOS,440,783,5,5,5,5,5,6270f6de96f14ef90e1038c4
0,61,初中,6.批发和零售业,老花眼,无,AndroidOS,303,655,5,2,3,5,5,6270f6f796f14ef90e1038c5
0,,高中,3.制造业,老花眼,佩戴眼镜,AndroidOS,303,672,3,4,4,4,5,6270f74b96f14ef90e1038c6
0,,高中,3.制造业,老花眼,佩戴眼镜,AndroidOS,303,672,3,4,4,4,5,6270f74b96f14ef90e1038c7
0,,初中,1.农、林、牧、渔业,完全正常,无,AndroidOS,309,637,5,5,5,5,5,6270f77e96f14ef90e1038c8
0,,初中,1.农、林、牧、渔业,完全正常,无,AndroidOS,309,637,5,5,5,5,5,6270f77e96f14ef90e1038c9
0,62,初中,1.农、林、牧、渔业,完全正常,无,AndroidOS,341,718,3,3,3,3,3,6270f78796f14ef90e1038ca
0,56,本科,16.教育,老花眼,无,AndroidOS,360,800,5,5,3,3,4,6270f79396f14ef90e1038cb
0,,初中,1.农、林、牧、渔业,完全正常,无,AndroidOS,309,637,5,5,5,5,5,6270f79596f14ef90e1038cc
0,,初中,1.农、林、牧、渔业,完全正常,无,AndroidOS,309,637,5,5,5,5,5,6270f79596f14ef90e1038cd
0,,初中,1.农、林、牧、渔业,完全正常,无,AndroidOS,309,637,5,5,5,5,5,6270f79596f14ef90e1038ce
0,66,初中,16.教育,完全正常,无,AndroidOS,400,885,3,3,3,4,3,6270f81c96f14ef90e1038cf
0,,初中,1.农、林、牧、渔业,完全正常,无,AndroidOS,309,637,5,5,5,5,5,6270f84696f14ef90e1038d0
0,,初中,1.农、林、牧、渔业,完全正常,无,AndroidOS,309,637,5,5,5,5,5,6270f84696f14ef90e1038d1
0,,初中,1.农、林、牧、渔业,完全正常,无,AndroidOS,309,637,5,5,5,5,5,6270f84696f14ef90e1038d2
0,,初中,1.农、林、牧、渔业,完全正常,无,AndroidOS,309,637,5,5,5,5,5,6270f84696f14ef90e1038d3
0,66,高中,16.教育,老花眼,佩戴眼镜,AndroidOS,400,889,3,5,4,5,3,6270f85796f14ef90e1038d4
1,,,,老花眼,无,AndroidOS,360,800,5,5,5,5,5,6270f86296f14ef90e1038d5
0,,初中,1.农、林、牧、渔业,老花眼,无,AndroidOS,320,694,5,4,4,5,5,6270f86796f14ef90e1038d6
0,,初中,1.农、林、牧、渔业,老花眼,无,AndroidOS,320,694,5,4,4,5,5,6270f87c96f14ef90e1038d7
0,68,初中,1.农、林、牧、渔业,老花眼,无,AndroidOS,400,867,4,3,3,3,4,6270f89096f14ef90e1038d8
1,65,小学,1.农、林、牧、渔业,老花眼,无,AndroidOS,400,867,4,3,3,4,3,6270f89396f14ef90e1038d9
1,65,高中,8.住宿和餐饮业,完全正常,无,AndroidOS,360,780,4,3,3,3,3,6270f89496f14ef90e1038da
0,,初中,1.农、林、牧、渔业,老花眼,无,AndroidOS,320,694,5,4,4,5,5,6270f89e96f14ef90e1038db
0,,初中,1.农、林、牧、渔业,老花眼,无,AndroidOS,320,694,5,4,4,5,5,6270f89e96f14ef90e1038dc
0,,高中,1.农、林、牧、渔业,完全正常,无,iOS,375,812,3,4,3,4,2,6270f8c096f14ef90e1038dd
0,65,高中,20.国际组织,老花眼,佩戴眼镜,AndroidOS,400,867,5,5,5,5,5,6270f8dd96f14ef90e1038de
1,,高中,1.农、林、牧、渔业,近视,无,AndroidOS,360,760,4,3,4,4,3,6270f8e496f14ef90e1038df
0,65,高中,20.国际组织,老花眼,佩戴眼镜,AndroidOS,400,867,5,5,5,5,5,6270f8f096f14ef90e1038e0
0,65,高中,20.国际组织,老花眼,佩戴眼镜,AndroidOS,400,867,5,5,5,5,5,6270f8f096f14ef90e1038e1
0,62,初中,6.批发和零售业,完全正常,无,iOS,428,926,5,5,5,5,5,6270f90396f14ef90e1038e2
0,,初中,1.农、林、牧、渔业,近视,无,iOS,414,896,3,5,1,5,3,6270f92c96f14ef90e1038e3
1,65,高中,8.住宿和餐饮业,完全正常,无,AndroidOS,360,780,4,3,3,3,3,6270f92f96f14ef90e1038e4
0,,高中,1.农、林、牧、渔业,近视,佩戴眼镜,AndroidOS,400,867,3,4,3,4,3,6270f93e96f14ef90e1038e5
0,,初中,16.教育,老花眼,佩戴眼镜,iOS,390,844,4,,4,4,4,6270f95096f14ef90e1038e6
0,,初中,1.农、林、牧、渔业,近视,无,iOS,414,896,3,5,1,5,3,6270f97196f14ef90e1038e7
1,65,高中,8.住宿和餐饮业,完全正常,无,AndroidOS,360,780,4,3,3,3,3,6270f97596f14ef90e1038e8
1,,,,老花眼,无,AndroidOS,360,800,5,5,5,5,5,6270f98796f14ef90e1038e9
1,64,高中,6.批发和零售业,老花眼,佩戴眼镜,AndroidOS,341,718,5,5,5,5,5,6270f99596f14ef90e1038ea
0,60,初中,1.农、林、牧、渔业,老花眼,佩戴眼镜,AndroidOS,401,801,5,5,5,5,5,6270f9a196f14ef90e1038eb
1,65,高中,8.住宿和餐饮业,完全正常,无,AndroidOS,360,780,4,3,3,3,3,6270f9ae96f14ef90e1038ec
1,65,初中,1.农、林、牧、渔业,其他疾病,进行过手术,AndroidOS,400,889,3,3,3,3,3,6270f9b196f14ef90e1038ed
0,62,初中,8.住宿和餐饮业,完全正常,无,AndroidOS,401,889,5,5,5,5,5,6270f9bd96f14ef90e1038ee
0,62,初中,8.住宿和餐饮业,完全正常,无,AndroidOS,401,889,5,5,5,5,5,6270f9c996f14ef90e1038ef
0,61,初中,8.住宿和餐饮业,老花眼,无,AndroidOS,341,707,5,5,3,3,3,6270f9cd96f14ef90e1038f0
0,60,初中,,完全正常,无,AndroidOS,440,880,2,4,2,4,2,6270f9ce96f14ef90e1038f1
0,60,初中,4.电力、热力、燃气及水生产和供应业,老花眼,佩戴眼镜,iOS,810,1080,3,3,3,3,3,6270f9cf96f14ef90e1038f2
0,62,初中,8.住宿和餐饮业,完全正常,无,AndroidOS,401,889,5,5,5,5,5,6270f9e696f14ef90e1038f3
0,62,初中,8.住宿和餐饮业,完全正常,无,AndroidOS,401,889,5,5,5,5,5,6270f9e696f14ef90e1038f4
0,64,小学,1.农、林、牧、渔业,老花眼,佩戴眼镜,AndroidOS,325,704,,,,,,6270f9ed96f14ef90e1038f5
0,,初中,1.农、林、牧、渔业,近视,无,iOS,375,812,4,3,3,2,4,6270f9ee96f14ef90e1038f6
1,65,初中,1.农、林、牧、渔业,其他疾病,进行过手术,AndroidOS,400,889,3,3,3,3,3,6270f9ef96f14ef90e1038f7
0,62,初中,1.农、林、牧、渔业,近视,佩戴眼镜,AndroidOS,440,978,3,3,3,3,3,6270fa0a96f14ef90e1038f8
1,66,初中,1.农、林、牧、渔业,完全正常,无,AndroidOS,401,896,,,,,,6270fa1596f14ef90e1038f9
1,63,初中,1.农、林、牧、渔业,老花眼,无,AndroidOS,400,867,4,5,4,5,5,6270fa1b96f14ef90e1038fa
0,63,初中,15.居民服务、修理和其他服务业,近视,无,AndroidOS,360,780,4,5,5,5,5,6270fa1e96f14ef90e1038fb
0,,初中,1.农、林、牧、渔业,近视,无,iOS,375,812,4,3,3,2,4,6270fa2e96f14ef90e1038fc
0,62,初中,1.农、林、牧、渔业,近视,佩戴眼镜,AndroidOS,440,978,3,3,3,3,3,6270fa3a96f14ef90e1038fd
0,62,初中,1.农、林、牧、渔业,近视,佩戴眼镜,AndroidOS,440,978,3,3,3,3,3,6270fa3a96f14ef90e1038fe
0,60,初中,4.电力、热力、燃气及水生产和供应业,老花眼,佩戴眼镜,iOS,810,1080,3,3,3,3,3,6270fa4296f14ef90e1038ff
1,,,,老花眼,无,AndroidOS,360,800,5,5,5,5,5,6270fa5396f14ef90e103900
1,,,,老花眼,无,AndroidOS,360,800,5,5,5,5,5,6270fa5396f14ef90e103901
1,66,初中,2.采矿业,老花眼,无,iOS,428,926,3,3,3,3,3,6270fa6496f14ef90e103902
1,,初中,1.农、林、牧、渔业,完全正常,无,AndroidOS,400,889,,3,4,3,4,6270fa6596f14ef90e103903
0,65,初中,1.农、林、牧、渔业,完全正常,无,AndroidOS,400,867,3,4,5,4,3,6270fa6c96f14ef90e103904
0,61,初中,8.住宿和餐饮业,完全正常,无,AndroidOS,700,1167,5,5,5,5,5,6270fa6d96f14ef90e103905
0,60,初中,1.农、林、牧、渔业,完全正常,无,AndroidOS,400,867,2,2,2,2,2,6270fa7796f14ef90e103906
1,61,初中,,老花眼,佩戴眼镜,AndroidOS,401,889,,,,,,6270fa7e96f14ef90e103907
0,62,小学,1.农、林、牧、渔业,近视,无,AndroidOS,400,889,5,5,,,5,6270fa8b96f14ef90e103908
0,64,高中,16.教育,老花眼,无,AndroidOS,400,889,2,2,3,2,3,6270fa9096f14ef90e103909
0,62,小学,1.农、林、牧、渔业,近视,无,AndroidOS,400,889,5,5,,,5,6270faa496f14ef90e10390a
0,62,小学,1.农、林、牧、渔业,近视,无,AndroidOS,400,889,5,5,,,5,6270faa496f14ef90e10390b
1,60,初中,1.农、林、牧、渔业,完全正常,无,AndroidOS,360,760,5,5,5,5,5,6270faa896f14ef90e10390c
0,,初中,1.农、林、牧、渔业,老花眼,佩戴眼镜,AndroidOS,401,858,3,2,3,3,2,6270fab196f14ef90e10390d
0,62,初中,6.批发和零售业,老花眼,佩戴眼镜,iOS,414,896,3,3,4,4,5,6270fac396f14ef90e10390e
1,65,初中,1.农、林、牧、渔业,近视,佩戴眼镜,AndroidOS,400,889,5,4,3,4,4,6270face96f14ef90e10390f
0,62,初中,1.农、林、牧、渔业,近视,佩戴眼镜,AndroidOS,440,978,3,3,3,3,3,6270face96f14ef90e103910
1,63,初中,1.农、林、牧、渔业,完全正常,无,AndroidOS,401,845,4,,,,,6270facf96f14ef90e103911
0,62,高中,1.农、林、牧、渔业,完全正常,无,AndroidOS,400,800,5,5,3,4,2,6270fad696f14ef90e103912
1,,初中,1.农、林、牧、渔业,,无,AndroidOS,341,737,4,4,3,3,5,6270fb1096f14ef90e103913
0,62,小学,1.农、林、牧、渔业,近视,无,AndroidOS,400,889,5,5,,,5,6270fb2596f14ef90e103914
0,62,小学,1.农、林、牧、渔业,近视,无,AndroidOS,400,889,5,5,,,5,6270fb2596f14ef90e103915
0,62,小学,1.农、林、牧、渔业,近视,无,AndroidOS,400,889,2,2,3,3,3,6270fb2596f14ef90e103916
1,61,初中,,老花眼,佩戴眼镜,AndroidOS,401,889,,,,,,6270fb2896f14ef90e103917
1,16,初中,,近视,佩戴眼镜,AndroidOS,400,889,3,2,3,3,2,6270fb3696f14ef90e103918
0,64,初中,1.农、林、牧、渔业,完全正常,无,AndroidOS,341,737,5,4,5,5,5,6270fb3f96f14ef90e103919
0,62,小学,1.农、林、牧、渔业,老花眼,无,AndroidOS,400,867,,,,,,6270fb4696f14ef90e10391a
0,,初中,1.农、林、牧、渔业,近视,无,iOS,375,812,4,3,3,2,4,6270fb4896f14ef90e10391b
0,,初中,1.农、林、牧、渔业,老花眼,无,AndroidOS,360,640,2,2,3,2,5,6270fb7096f14ef90e10391c
1,,初中,1.农、林、牧、渔业,,无,AndroidOS,341,737,4,4,3,3,5,6270fb7096f14ef90e10391d
1,,初中,1.农、林、牧、渔业,,无,AndroidOS,341,737,4,4,3,3,5,6270fb7096f14ef90e10391e
0,,高中,18.文化、体育和娱乐业,近视,佩戴眼镜,AndroidOS,400,712,4,5,4,4,3,6270fb7596f14ef90e10391f
0,,初中,1.农、林、牧、渔业,老花眼,无,AndroidOS,360,780,4,4,4,3,4,6270fb7b96f14ef90e103920
0,62,初中,1.农、林、牧、渔业,近视,佩戴眼镜,AndroidOS,360,640,3,3,3,3,3,6270fb8d96f14ef90e103921
1,,初中,,近视,佩戴眼镜,AndroidOS,600,960,5,5,5,5,5,6270fb9696f14ef90e103922
1,,高中,16.教育,老花眼,进行过手术,AndroidOS,400,832,5,4,4,5,5,6270fb9996f14ef90e103923
1,65,初中,,完全正常,无,AndroidOS,360,800,5,5,4,5,4,6270fbac96f14ef90e103924
0,61,高中,17.卫生和社会工作,近视,佩戴眼镜,AndroidOS,400,845,4,4,5,5,5,6270fbb796f14ef90e103925
0,64,初中,1.农、林、牧、渔业,完全正常,无,AndroidOS,341,737,5,4,5,5,5,6270fbb896f14ef90e103926
0,64,高中,1.农、林、牧、渔业,老花眼,佩戴眼镜,AndroidOS,440,978,3,3,3,3,3,6270fbbb96f14ef90e103927
0,,高中,18.文化、体育和娱乐业,近视,佩戴眼镜,AndroidOS,400,712,4,5,4,4,3,6270fbbc96f14ef90e103928
0,66,初中,1.农、林、牧、渔业,完全正常,无,AndroidOS,400,889,4,3,4,3,3,6270fbd796f14ef90e103929
0,,本科,16.教育,老花眼,无,AndroidOS,400,856,,5,5,5,5,6270fbe696f14ef90e10392a
0,,高中,1.农、林、牧、渔业,老花眼,佩戴眼镜,AndroidOS,341,756,3,3,3,4,4,6270fbfd96f14ef90e10392b
0,,初中,8.住宿和餐饮业,老花眼,佩戴眼镜,AndroidOS,341,718,5,5,5,5,5,6270fc2996f14ef90e10392c
0,,高中,16.教育,老花眼,无,AndroidOS,360,760,5,5,3,4,4,6270fc3996f14ef90e10392d
0,62,初中,1.农、林、牧、渔业,完全正常,无,AndroidOS,400,867,3,4,3,5,4,6270fc4196f14ef90e10392e
0,65,未受过教育,1.农、林、牧、渔业,完全正常,无,AndroidOS,400,712,4,2,3,2,3,6270fc7e96f14ef90e10392f
0,61,初中,,完全正常,无,AndroidOS,400,889,4,4,4,4,4,6270fc8096f14ef90e103930
0,,,,老花眼,佩戴眼镜,AndroidOS,360,804,5,,1,3,,6270fc8596f14ef90e103931
0,,,16.教育,完全正常,无,AndroidOS,360,780,3,,4,4,2,6270fca396f14ef90e103932
1,,初中,,近视,佩戴眼镜,AndroidOS,360,780,1,,,,,6270fca996f14ef90e103933
0,60,初中,1.农、林、牧、渔业,完全正常,无,AndroidOS,400,889,1,1,1,1,1,6270fca996f14ef90e103934
1,66,初中,2.采矿业,近视,佩戴眼镜,AndroidOS,400,712,4,5,3,5,2,6270fcb796f14ef90e103935
0,,初中,,老花眼,佩戴眼镜,AndroidOS,360,800,2,3,5,4,3,6270fcbb96f14ef90e103936
0,63,初中,16.教育,老花眼,佩戴眼镜,AndroidOS,700,1120,2,3,3,5,4,6270fcbe96f14ef90e103937
0,61,初中,20.国际组织,近视,无,AndroidOS,422,843,5,5,5,5,5,6270fcd096f14ef90e103938
0,61,初中,6.批发和零售业,完全正常,无,AndroidOS,400,889,3,4,3,4,2,6270fcd696f14ef90e103939
1,62,高中,20.国际组织,完全正常,进行过手术,AndroidOS,401,889,5,1,3,5,1,6270fce196f14ef90e10393a
0,,小学,1.农、林、牧、渔业,老花眼,无,AndroidOS,360,640,3,2,3,3,5,6270fce196f14ef90e10393b
0,,初中,1.农、林、牧、渔业,老花眼,无,AndroidOS,400,867,3,3,3,3,3,6270fce296f14ef90e10393c
0,63,初中,1.农、林、牧、渔业,老花眼,佩戴眼镜,iOS,414,736,5,5,5,5,5,6270fce296f14ef90e10393d
0,63,高中,6.批发和零售业,完全正常,无,AndroidOS,303,655,4,4,3,4,3,6270fcfc96f14ef90e10393e
0,61,初中,6.批发和零售业,完全正常,无,AndroidOS,400,889,3,4,3,4,2,6270fd0396f14ef90e10393f
0,,初中,,近视,佩戴眼镜,AndroidOS,360,720,3,3,3,3,3,6270fd1196f14ef90e103940
0,61,小学,1.农、林、牧、渔业,近视,无,AndroidOS,400,867,3,3,4,5,3,6270fd1796f14ef90e103941
0,63,初中,1.农、林、牧、渔业,老花眼,佩戴眼镜,iOS,414,736,5,5,5,5,5,6270fd2396f14ef90e103942
0,60,高中,1.农、林、牧、渔业,完全正常,无,AndroidOS,400,889,5,3,4,5,3,6270fd4696f14ef90e103943
0,62,初中,9.信息传输、软件和信息技术服务业,完全正常,无,AndroidOS,400,800,2,4,3,4,2,6270fd4d96f14ef90e103944
1,65,初中,7.交通运输、仓储和邮政业,老花眼,佩戴眼镜,AndroidOS,401,889,5,5,3,5,5,6270fd5e96f14ef90e103945
0,,初中,,近视,佩戴眼镜,AndroidOS,360,720,3,3,3,3,3,6270fd8296f14ef90e103946
0,60,高中,1.农、林、牧、渔业,老花眼,无,AndroidOS,340,756,3,4,3,4,3,6270fd8396f14ef90e103947
0,,高中,17.卫生和社会工作,完全正常,无,AndroidOS,360,780,5,5,5,5,,6270fdb596f14ef90e103948
1,,,,完全正常,无,AndroidOS,401,889,5,5,5,5,5,6270fdb996f14ef90e103949
0,,高中,16.教育,老花眼,佩戴眼镜,AndroidOS,400,867,5,4,3,5,4,6270fdcb96f14ef90e10394a
1,61,高中,16.教育,近视,佩戴眼镜,AndroidOS,360,800,5,5,5,5,5,6270fde896f14ef90e10394b
0,63,高中,1.农、林、牧、渔业,近视,无,AndroidOS,341,760,,,,,,6270fdf896f14ef90e10394c
1,63,初中,1.农、林、牧、渔业,近视,佩戴眼镜,AndroidOS,400,889,4,3,4,4,4,6270fdfc96f14ef90e10394d
1,62,初中,6.批发和零售业,完全正常,无,AndroidOS,400,867,3,4,3,3,3,6270fe0496f14ef90e10394e
0,,初中,17.卫生和社会工作,完全正常,无,AndroidOS,360,800,5,5,5,5,3,6270fe0a96f14ef90e10394f
0,60,初中,1.农、林、牧、渔业,老花眼,佩戴眼镜,AndroidOS,360,640,3,3,5,5,4,6270fe6e96f14ef90e103950
0,45,高中,10.金融业,完全正常,无,AndroidOS,360,780,5,5,3,4,5,6270fe7196f14ef90e103951
1,66,高中,20.国际组织,近视,佩戴眼镜,AndroidOS,400,889,5,2,2,2,2,6270fe7596f14ef90e103952
1,,初中,16.教育,老花眼,无,AndroidOS,360,780,3,3,4,,4,6270fe7996f14ef90e103953
0,45,高中,10.金融业,完全正常,无,AndroidOS,360,780,5,5,3,4,5,6270fe8c96f14ef90e103954
0,,初中,1.农、林、牧、渔业,完全正常,无,AndroidOS,341,737,5,5,4,4,4,6270feab96f14ef90e103955
iOS,375,667,58,0,本科,16.教育,近视,佩戴眼镜,5,5,5,5,5,6270feb496f14ef90e103956
1,62,小学,1.农、林、牧、渔业,其他疾病,无,AndroidOS,400,857,4,5,3,4,5,6270feb896f14ef90e103957
0,62,高中,16.教育,完全正常,无,AndroidOS,360,780,3,3,3,4,4,6270ff0f96f14ef90e103958
0,57,本科,16.教育,完全正常,无,AndroidOS,400,889,4,5,4,5,4,6270ff6796f14ef90e103959
1,14,初中,,完全正常,,AndroidOS,400,889,5,5,5,5,5,6270ff7796f14ef90e10395a
iOS,375,667,58,0,本科,16.教育,近视,佩戴眼镜,5,5,5,5,5,6270ff8096f14ef90e10395b
0,63,小学,1.农、林、牧、渔业,老花眼,佩戴眼镜,AndroidOS,440,980,5,5,5,5,5,6270ff9696f14ef90e10395c
0,62,初中,16.教育,近视,佩戴眼镜,AndroidOS,400,800,5,5,5,5,5,6270ff9996f14ef90e10395d
0,64,小学,1.农、林、牧、渔业,老花眼,佩戴眼镜,AndroidOS,325,704,,,,,,6270ffbb96f14ef90e10395e
0,,本科,16.教育,完全正常,无,AndroidOS,400,885,,,,,,6270ffc396f14ef90e10395f
0,,本科,16.教育,完全正常,无,AndroidOS,400,885,,,,,,6270ffc396f14ef90e103960
1,61,初中,1.农、林、牧、渔业,近视,佩戴眼镜,AndroidOS,401,889,3,3,4,5,4,6270ffe196f14ef90e103961
0,63,初中,1.农、林、牧、渔业,老花眼,佩戴眼镜,iOS,414,736,5,5,5,5,5,6271000a96f14ef90e103962
0,,初中,1.农、林、牧、渔业,完全正常,无,AndroidOS,360,803,,,,,,6271002096f14ef90e103963
0,61,初中,6.批发和零售业,近视,佩戴眼镜,AndroidOS,400,712,2,3,3,2,3,6271004a96f14ef90e103964
1,,初中,1.农、林、牧、渔业,完全正常,无,AndroidOS,401,896,4,4,4,5,4,6271005d96f14ef90e103965
1,64,高中,17.卫生和社会工作,完全正常,无,AndroidOS,700,1167,4,4,4,4,4,6271006696f14ef90e103966
0,61,初中,1.农、林、牧、渔业,完全正常,无,AndroidOS,360,803,,,,,,627100ac96f14ef90e103967
1,61,高中,16.教育,近视,佩戴眼镜,AndroidOS,360,800,5,5,5,5,5,627100df96f14ef90e103968
1,63,小学,17.卫生和社会工作,老花眼,无,AndroidOS,440,978,5,3,2,4,3,627100e696f14ef90e103969
0,61,高中,,完全正常,无,AndroidOS,400,867,3,3,2,4,4,6271010b96f14ef90e10396a
0,,初中,16.教育,近视,佩戴眼镜,AndroidOS,360,800,,5,4,4,3,6271011996f14ef90e10396b
0,,初中,,完全正常,无,AndroidOS,400,867,,,,4,4,6271011996f14ef90e10396c
0,65,本科,10.金融业,老花眼,佩戴眼镜,AndroidOS,400,712,5,4,4,3,3,6271011996f14ef90e10396d
0,63,高中,16.教育,近视,无,AndroidOS,360,800,,,5,5,5,6271014796f14ef90e10396e
1,63,小学,1.农、林、牧、渔业,完全正常,无,AndroidOS,400,845,5,3,3,4,5,6271016296f14ef90e10396f
0,61,初中,1.农、林、牧、渔业,完全正常,无,AndroidOS,360,803,,,,,,6271019996f14ef90e103970
1,61,初中,1.农、林、牧、渔业,完全正常,无,AndroidOS,320,640,5,5,5,5,3,6271019d96f14ef90e103971
0,52,高中,1.农、林、牧、渔业,老花眼,佩戴眼镜,AndroidOS,360,800,2,3,3,4,4,627101b596f14ef90e103972
1,65,高中,1.农、林、牧、渔业,老花眼,佩戴眼镜,AndroidOS,400,867,5,4,4,3,4,627101d496f14ef90e103973
0,58,初中,1.农、林、牧、渔业,老花眼,无,AndroidOS,360,780,3,2,3,2,2,627101d496f14ef90e103974
1,61,初中,1.农、林、牧、渔业,完全正常,无,AndroidOS,320,640,5,5,5,5,3,627101dc96f14ef90e103975
1,61,初中,1.农、林、牧、渔业,完全正常,无,AndroidOS,320,640,5,5,5,5,3,627101dc96f14ef90e103976
1,,初中,6.批发和零售业,老花眼,佩戴眼镜,AndroidOS,393,851,5,1,4,4,3,627101e796f14ef90e103977
1,61,初中,1.农、林、牧、渔业,完全正常,无,AndroidOS,320,640,5,5,5,5,3,627101eb96f14ef90e103978
1,61,初中,1.农、林、牧、渔业,完全正常,无,AndroidOS,320,640,5,5,5,5,3,627101eb96f14ef90e103979
1,61,初中,1.农、林、牧、渔业,完全正常,无,AndroidOS,320,640,5,5,5,5,3,627101eb96f14ef90e10397a
0,,高中,7.交通运输、仓储和邮政业,完全正常,无,AndroidOS,360,780,3,3,3,3,3,6271020a96f14ef90e10397b
0,63,高中,1.农、林、牧、渔业,老花眼,佩戴眼镜,AndroidOS,341,759,4,,,1,,6271021196f14ef90e10397c
0,38,初中,1.农、林、牧、渔业,完全正常,佩戴眼镜,AndroidOS,303,672,,3,3,,3,6271022296f14ef90e10397d
0,23,本科,16.教育,近视,佩戴眼镜,AndroidOS,360,780,4,5,3,5,5,6271022f96f14ef90e10397e
0,,初中,5.建筑业,老花眼,无,AndroidOS,341,718,5,3,5,5,5,6271023496f14ef90e10397f
0,63,高中,1.农、林、牧、渔业,老花眼,佩戴眼镜,AndroidOS,341,759,4,,,1,,6271025896f14ef90e103980
0,63,高中,1.农、林、牧、渔业,老花眼,佩戴眼镜,AndroidOS,341,759,4,,,1,,6271025896f14ef90e103981
0,56,高中,16.教育,近视,无,AndroidOS,341,737,4,5,4,5,5,627102a496f14ef90e103982
0,62,初中,15.居民服务、修理和其他服务业,完全正常,无,AndroidOS,400,867,3,4,4,5,3,627102c096f14ef90e103983
1,62,小学,1.农、林、牧、渔业,完全正常,无,AndroidOS,440,978,4,4,4,4,4,627102d096f14ef90e103984
1,62,小学,1.农、林、牧、渔业,完全正常,无,AndroidOS,440,978,4,4,4,4,4,627102de96f14ef90e103985
0,65,高中,1.农、林、牧、渔业,老花眼,无,AndroidOS,341,737,5,4,3,3,5,627102f496f14ef90e103986
1,62,小学,1.农、林、牧、渔业,完全正常,无,AndroidOS,440,978,4,4,4,4,4,627102f696f14ef90e103987
1,62,小学,1.农、林、牧、渔业,完全正常,无,AndroidOS,440,978,4,4,4,4,4,627102f696f14ef90e103988
0,,初中,6.批发和零售业,完全正常,无,AndroidOS,464,1004,5,5,4,4,4,6271033096f14ef90e103989
0,,初中,1.农、林、牧、渔业,老花眼,无,AndroidOS,360,760,4,2,4,3,5,6271033396f14ef90e10398a
0,63,初中,1.农、林、牧、渔业,完全正常,无,AndroidOS,400,830,5,5,5,5,5,6271033696f14ef90e10398b
0,,高中,1.农、林、牧、渔业,完全正常,无,AndroidOS,400,889,3,4,4,5,2,6271033996f14ef90e10398c
0,64,高中,16.教育,老花眼,无,AndroidOS,400,889,2,2,3,2,3,6271035296f14ef90e10398d
1,17,初中,,完全正常,无,AndroidOS,400,867,,,,,,627103b996f14ef90e10398e
0,60,初中,16.教育,老花眼,无,iOS,414,896,5,3,4,5,5,627103d296f14ef90e10398f
0,,高中,17.卫生和社会工作,完全正常,无,AndroidOS,360,780,4,3,4,3,5,6271040596f14ef90e103990
1,60,高中,16.教育,完全正常,无,AndroidOS,360,800,3,2,3,3,3,6271041196f14ef90e103991
0,64,初中,1.农、林、牧、渔业,老花眼,佩戴眼镜,AndroidOS,858,401,3,2,3,3,2,6271044496f14ef90e103992
0,65,高中,1.农、林、牧、渔业,完全正常,无,AndroidOS,360,640,,,,,,6271045396f14ef90e103993
1,,本科,8.住宿和餐饮业,老花眼,佩戴眼镜,AndroidOS,360,760,4,3,4,3,5,627104a696f14ef90e103994
0,67,初中,1.农、林、牧、渔业,老花眼,无,AndroidOS,360,760,5,2,3,5,4,627104cb96f14ef90e103995
0,65,初中,1.农、林、牧、渔业,老花眼,佩戴眼镜,iOS,375,667,5,5,3,5,4,627104e296f14ef90e103996
0,58,初中,1.农、林、牧、渔业,老花眼,无,AndroidOS,360,780,3,2,3,2,2,6271052296f14ef90e103997
0,63,初中,8.住宿和餐饮业,老花眼,无,AndroidOS,400,800,2,3,4,4,5,6271053e96f14ef90e103998
0,55,初中,2.采矿业,老花眼,佩戴眼镜,AndroidOS,360,780,2,3,4,4,5,6271054396f14ef90e103999
0,,小学,8.住宿和餐饮业,老花眼,佩戴眼镜,AndroidOS,393,876,3,2,3,2,4,6271056596f14ef90e10399a
1,16,初中,,近视,佩戴眼镜,AndroidOS,360,780,3,4,3,2,1,6271057f96f14ef90e10399b
1,64,初中,1.农、林、牧、渔业,老花眼,佩戴眼镜,AndroidOS,400,712,2,3,2,4,5,627105fa96f14ef90e10399c
0,,初中,7.交通运输、仓储和邮政业,近视,佩戴眼镜,AndroidOS,400,867,4,4,5,5,3,6271060096f14ef90e10399d
0,,初中,7.交通运输、仓储和邮政业,近视,佩戴眼镜,AndroidOS,400,867,4,4,5,5,3,6271060096f14ef90e10399e
0,,初中,1.农、林、牧、渔业,完全正常,无,AndroidOS,400,867,4,4,4,4,4,6271060396f14ef90e10399f
0,63,初中,3.制造业,其他疾病,无,AndroidOS,360,800,3,3,4,3,3,6271064e96f14ef90e1039a0
1,2207231900707051056,初中,16.教育,完全正常,无,AndroidOS,400,889,5,3,2,2,2,627106ce96f14ef90e1039a1
0,45,高中,10.金融业,完全正常,无,AndroidOS,360,780,5,5,3,4,5,627106d096f14ef90e1039a2
0,45,高中,10.金融业,完全正常,无,AndroidOS,360,780,5,5,3,4,5,627106e096f14ef90e1039a3
1,15,初中,16.教育,近视,佩戴眼镜,AndroidOS,360,760,5,5,3,4,3,6271074596f14ef90e1039a4
0,45,高中,10.金融业,完全正常,无,AndroidOS,360,780,5,5,3,4,5,6271074696f14ef90e1039a5
0,45,高中,10.金融业,完全正常,无,AndroidOS,360,780,5,5,3,4,5,6271074696f14ef90e1039a6
1,64,小学,15.居民服务、修理和其他服务业,其他疾病,无,AndroidOS,401,801,2,2,3,3,3,627107c096f14ef90e1039a7
0,62,初中,6.批发和零售业,老花眼,无,AndroidOS,400,867,3,3,3,5,3,627107f196f14ef90e1039a8
0,52,高中,1.农、林、牧、渔业,老花眼,佩戴眼镜,AndroidOS,360,800,4,3,4,4,5,627107f596f14ef90e1039a9
0,61,初中,1.农、林、牧、渔业,老花眼,无,AndroidOS,400,712,2,1,2,2,3,6271084c96f14ef90e1039aa
0,,初中,1.农、林、牧、渔业,近视,进行过手术,AndroidOS,340,605,3,2,3,4,4,6271086a96f14ef90e1039ab
0,62,初中,1.农、林、牧、渔业,老花眼,无,AndroidOS,400,892,5,5,4,5,5,6271097396f14ef90e1039ac
1,61,初中,6.批发和零售业,完全正常,无,AndroidOS,833,400,5,3,2,5,3,6271098a96f14ef90e1039ad
1,60,初中,1.农、林、牧、渔业,老花眼,佩戴眼镜,AndroidOS,360,760,5,5,3,4,3,62710be296f14ef90e1039ae
0,65,初中,16.教育,完全正常,无,AndroidOS,400,892,5,5,5,5,5,62710bf196f14ef90e1039af
0,71,高中,6.批发和零售业,老花眼,佩戴眼镜,AndroidOS,412,892,4,2,2,5,3,62710c1696f14ef90e1039b0
1,60,高中,1.农、林、牧、渔业,近视,佩戴眼镜,AndroidOS,341,737,4,5,4,4,4,62710c2196f14ef90e1039b1
0,71,高中,6.批发和零售业,老花眼,佩戴眼镜,AndroidOS,412,892,4,2,2,5,3,62710c2c96f14ef90e1039b2
0,71,高中,6.批发和零售业,老花眼,佩戴眼镜,AndroidOS,412,892,4,2,2,5,3,62710c2c96f14ef90e1039b3
1,,初中,1.农、林、牧、渔业,完全正常,无,AndroidOS,400,800,5,5,3,5,,62710c4896f14ef90e1039b4
0,62,小学,6.批发和零售业,老花眼,佩戴眼镜,AndroidOS,400,880,5,3,4,5,4,62710c6b96f14ef90e1039b5
0,62,小学,6.批发和零售业,老花眼,佩戴眼镜,AndroidOS,400,880,5,3,4,5,4,62710caf96f14ef90e1039b6
0,60,高中,6.批发和零售业,完全正常,无,AndroidOS,400,892,5,5,5,5,5,62710cc496f14ef90e1039b7
0,58,初中,1.农、林、牧、渔业,老花眼,无,AndroidOS,360,780,3,2,3,2,2,62710cdd96f14ef90e1039b8
0,,高中,16.教育,老花眼,佩戴眼镜,AndroidOS,340,756,5,5,3,5,5,62710cef96f14ef90e1039b9
0,60,高中,6.批发和零售业,完全正常,无,AndroidOS,400,892,5,5,5,5,5,62710cff96f14ef90e1039ba
0,60,高中,6.批发和零售业,完全正常,无,AndroidOS,400,892,5,5,5,5,5,62710cff96f14ef90e1039bb
0,,小学,1.农、林、牧、渔业,近视,无,AndroidOS,381,824,2,3,4,2,2,62710d3196f14ef90e1039bc
1,,初中,1.农、林、牧、渔业,完全正常,无,AndroidOS,400,889,5,,4,5,5,62710d7a96f14ef90e1039bd
0,,初中,1.农、林、牧、渔业,近视,无,iOS,390,844,5,5,5,5,5,62710d9396f14ef90e1039be
0,,初中,5.建筑业,近视,佩戴眼镜,AndroidOS,400,712,5,3,3,4,2,62710d9796f14ef90e1039bf
0,60,初中,9.信息传输、软件和信息技术服务业,老花眼,佩戴眼镜,AndroidOS,400,867,4,4,4,3,5,62710d9996f14ef90e1039c0
0,61,高中,17.卫生和社会工作,老花眼,佩戴眼镜,AndroidOS,340,680,3,3,3,3,4,62710db496f14ef90e1039c1
0,60,高中,,老花眼,无,AndroidOS,400,867,5,5,4,4,4,62710dd796f14ef90e1039c2
0,65,初中,1.农、林、牧、渔业,近视,无,AndroidOS,401,712,4,4,4,3,5,62710de496f14ef90e1039c3
1,,初中,1.农、林、牧、渔业,完全正常,无,AndroidOS,401,889,5,5,5,5,5,62710e0696f14ef90e1039c4
0,70,初中,1.农、林、牧、渔业,老花眼,无,AndroidOS,360,760,4,2,4,3,5,62710e0d96f14ef90e1039c5
0,,小学,1.农、林、牧、渔业,近视,无,AndroidOS,381,824,2,3,4,2,2,62710e0d96f14ef90e1039c6
0,61,初中,1.农、林、牧、渔业,完全正常,无,AndroidOS,401,889,5,4,2,3,3,62710e1896f14ef90e1039c7
0,64,初中,1.农、林、牧、渔业,近视,进行过手术,AndroidOS,340,605,3,2,3,4,4,62710e2b96f14ef90e1039c8
0,,高中,16.教育,近视,无,AndroidOS,400,889,3,3,3,3,3,62710e2c96f14ef90e1039c9
0,64,初中,1.农、林、牧、渔业,近视,进行过手术,AndroidOS,340,605,3,2,3,4,4,62710e3f96f14ef90e1039ca
0,64,初中,1.农、林、牧、渔业,近视,进行过手术,AndroidOS,340,605,3,2,3,4,4,62710e3f96f14ef90e1039cb
0,,初中,15.居民服务、修理和其他服务业,老花眼,佩戴眼镜,AndroidOS,360,800,4,4,4,4,4,62710e6696f14ef90e1039cc
0,,初中,1.农、林、牧、渔业,完全正常,无,AndroidOS,400,889,,,,,,62710e7196f14ef90e1039cd
1,60,初中,1.农、林、牧、渔业,其他疾病,无,AndroidOS,341,737,3,2,4,4,,62710eb096f14ef90e1039ce
0,61,高中,17.卫生和社会工作,老花眼,佩戴眼镜,AndroidOS,340,680,3,3,3,3,4,62710eb396f14ef90e1039cf
0,60,小学,1.农、林、牧、渔业,近视,无,AndroidOS,381,824,2,3,4,2,2,62710ece96f14ef90e1039d0
0,50,硕士及以上,10.金融业,完全正常,无,AndroidOS,360,760,5,5,4,5,5,62710edf96f14ef90e1039d1
0,,高中,1.农、林、牧、渔业,老花眼,佩戴眼镜,AndroidOS,341,737,5,5,5,5,5,62710f2996f14ef90e1039d2
0,,高中,17.卫生和社会工作,老花眼,无,AndroidOS,400,867,4,4,4,4,4,62710f9296f14ef90e1039d3
1,80,初中,3.制造业,老花眼,佩戴眼镜,AndroidOS,393,851,5,1,4,4,3,62710fb596f14ef90e1039d4
1,70,初中,16.教育,近视,佩戴眼镜,AndroidOS,360,800,5,5,5,5,5,62710fbb96f14ef90e1039d5
0,,高中,17.卫生和社会工作,完全正常,无,AndroidOS,360,760,5,5,1,1,1,62710fbf96f14ef90e1039d6
0,,高中,17.卫生和社会工作,完全正常,无,AndroidOS,360,760,5,5,1,1,1,62710fbf96f14ef90e1039d7
0,,未受过教育,1.农、林、牧、渔业,老花眼,佩戴眼镜,AndroidOS,360,800,3,4,3,4,5,62710fd796f14ef90e1039d8
0,60,,,完全正常,无,AndroidOS,400,889,3,4,3,3,3,6271100a96f14ef90e1039d9
0,,高中,17.卫生和社会工作,完全正常,无,AndroidOS,360,760,5,5,1,1,1,6271101696f14ef90e1039da
0,,高中,17.卫生和社会工作,完全正常,无,AndroidOS,360,760,5,5,1,1,1,6271101696f14ef90e1039db
0,,高中,17.卫生和社会工作,完全正常,无,AndroidOS,360,760,5,5,1,1,1,6271101696f14ef90e1039dc
0,65,初中,16.教育,完全正常,无,AndroidOS,400,889,4,4,3,4,3,6271102096f14ef90e1039dd
0,60,,,完全正常,无,AndroidOS,400,889,3,4,3,3,3,6271102d96f14ef90e1039de
0,,高中,17.卫生和社会工作,完全正常,无,AndroidOS,360,760,5,5,1,1,1,6271103196f14ef90e1039df
0,,高中,17.卫生和社会工作,完全正常,无,AndroidOS,360,760,5,5,1,1,1,6271103196f14ef90e1039e0
0,68,小学,15.居民服务、修理和其他服务业,完全正常,无,AndroidOS,360,640,3,4,4,4,3,6271103c96f14ef90e1039e1
0,,高中,17.卫生和社会工作,完全正常,无,AndroidOS,360,760,5,5,1,1,1,6271103f96f14ef90e1039e2
0,,高中,17.卫生和社会工作,完全正常,无,AndroidOS,360,760,5,5,1,1,1,6271103f96f14ef90e1039e3
0,60,,,完全正常,无,AndroidOS,400,889,3,4,3,3,3,6271104096f14ef90e1039e4
0,60,,,完全正常,无,AndroidOS,400,889,3,4,3,3,3,6271104096f14ef90e1039e5
0,,高中,17.卫生和社会工作,完全正常,无,AndroidOS,360,760,5,5,1,1,1,6271104c96f14ef90e1039e6
0,,高中,17.卫生和社会工作,完全正常,无,AndroidOS,360,760,5,5,1,1,1,6271104c96f14ef90e1039e7
0,,高中,17.卫生和社会工作,完全正常,无,AndroidOS,360,760,5,5,1,1,1,6271104c96f14ef90e1039e8
0,63,高中,16.教育,完全正常,无,AndroidOS,400,712,4,5,4,5,4,6271105596f14ef90e1039e9
1,62,初中,1.农、林、牧、渔业,其他疾病,进行过手术,AndroidOS,360,780,5,5,4,5,4,6271106096f14ef90e1039ea
0,53,未受过教育,1.农、林、牧、渔业,老花眼,无,AndroidOS,360,780,5,4,4,2,5,6271107596f14ef90e1039eb
1,70,初中,16.教育,近视,佩戴眼镜,AndroidOS,360,800,5,5,5,5,5,6271107b96f14ef90e1039ec
0,60,高中,8.住宿和餐饮业,老花眼,无,AndroidOS,640,1024,5,3,4,2,4,6271109396f14ef90e1039ed
0,53,未受过教育,1.农、林、牧、渔业,老花眼,无,AndroidOS,360,780,5,4,4,2,5,6271109c96f14ef90e1039ee
0,53,未受过教育,1.农、林、牧、渔业,老花眼,无,AndroidOS,360,780,5,4,4,2,5,6271109c96f14ef90e1039ef
1,61,初中,,完全正常,无,AndroidOS,401,858,,,,,,627110a496f14ef90e1039f0
0,55,初中,1.农、林、牧、渔业,老花眼,佩戴眼镜,AndroidOS,360,640,4,4,4,4,5,627110b396f14ef90e1039f1
0,,初中,15.居民服务、修理和其他服务业,完全正常,无,AndroidOS,400,889,5,2,3,5,5,627110ba96f14ef90e1039f2
0,55,初中,1.农、林、牧、渔业,老花眼,佩戴眼镜,AndroidOS,360,640,4,4,4,4,5,627110ca96f14ef90e1039f3
0,60,,,完全正常,无,AndroidOS,400,889,3,4,3,3,3,6271111496f14ef90e1039f4
0,60,,,完全正常,无,AndroidOS,400,889,3,4,3,3,3,6271111496f14ef90e1039f5
0,60,,,完全正常,无,AndroidOS,400,889,3,4,3,3,3,6271111496f14ef90e1039f6
0,63,高中,16.教育,完全正常,无,AndroidOS,400,712,4,5,4,5,4,6271111c96f14ef90e1039f7
0,55,初中,1.农、林、牧、渔业,老花眼,佩戴眼镜,AndroidOS,360,640,4,4,4,4,5,6271111e96f14ef90e1039f8
0,55,初中,1.农、林、牧、渔业,老花眼,佩戴眼镜,AndroidOS,360,640,4,4,4,4,5,6271111e96f14ef90e1039f9
0,,高中,1.农、林、牧、渔业,完全正常,无,AndroidOS,400,867,3,3,3,4,3,6271112796f14ef90e1039fa
0,60,,,完全正常,无,AndroidOS,400,889,3,4,3,3,3,6271112f96f14ef90e1039fb
0,60,,,完全正常,无,AndroidOS,400,889,3,4,3,3,3,6271112f96f14ef90e1039fc
0,60,,,完全正常,无,AndroidOS,400,889,3,4,3,3,3,6271112f96f14ef90e1039fd
0,64,高中,1.农、林、牧、渔业,完全正常,无,AndroidOS,360,780,4,3,4,4,3,6271113196f14ef90e1039fe
0,69,高中,3.制造业,老花眼,佩戴眼镜,AndroidOS,341,681,1,3,5,3,5,6271114696f14ef90e1039ff
0,51,小学,1.农、林、牧、渔业,老花眼,无,AndroidOS,360,796,5,2,3,4,4,6271115696f14ef90e103a00
0,60,,,完全正常,无,AndroidOS,400,889,3,4,3,3,3,6271115f96f14ef90e103a01
0,60,,,完全正常,无,AndroidOS,400,889,3,4,3,3,3,6271115f96f14ef90e103a02
0,60,,,完全正常,无,AndroidOS,400,889,3,4,3,3,3,6271115f96f14ef90e103a03
0,60,,,完全正常,无,AndroidOS,400,889,3,4,3,3,3,6271115f96f14ef90e103a04
0,51,小学,1.农、林、牧、渔业,老花眼,无,AndroidOS,360,796,5,2,3,4,4,6271116896f14ef90e103a05
0,51,小学,1.农、林、牧、渔业,老花眼,无,AndroidOS,360,796,5,2,3,4,4,6271116896f14ef90e103a06
1,59,高中,5.建筑业,完全正常,无,AndroidOS,360,800,4,4,5,,4,6271118796f14ef90e103a07
0,,初中,15.居民服务、修理和其他服务业,老花眼,佩戴眼镜,AndroidOS,341,737,3,4,3,4,4,6271118796f14ef90e103a08
1,,高中,7.交通运输、仓储和邮政业,完全正常,无,AndroidOS,341,759,2,2,2,2,2,6271119696f14ef90e103a09
1,67,初中,1.农、林、牧、渔业,完全正常,无,AndroidOS,440,954,5,5,2,5,1,627111a396f14ef90e103a0a
0,59,本科,6.批发和零售业,老花眼,佩戴眼镜,AndroidOS,360,800,5,3,5,3,4,627111b196f14ef90e103a0b
0,59,本科,6.批发和零售业,老花眼,佩戴眼镜,AndroidOS,360,800,5,3,5,3,4,6271121c96f14ef90e103a0c
0,59,本科,6.批发和零售业,老花眼,佩戴眼镜,AndroidOS,360,800,5,3,5,3,4,6271121c96f14ef90e103a0d
1,63,初中,1.农、林、牧、渔业,老花眼,佩戴眼镜,AndroidOS,400,867,5,5,1,5,3,627112a096f14ef90e103a0e
1,17,初中,,近视,佩戴眼镜,AndroidOS,341,756,3,3,3,3,3,627112b096f14ef90e103a0f
0,,本科,16.教育,老花眼,佩戴眼镜,AndroidOS,360,800,5,5,4,4,5,627112d796f14ef90e103a10
1,63,初中,1.农、林、牧、渔业,老花眼,佩戴眼镜,AndroidOS,400,867,5,5,1,5,3,627112e496f14ef90e103a11
1,63,初中,1.农、林、牧、渔业,老花眼,佩戴眼镜,AndroidOS,400,867,5,5,1,5,3,627112e596f14ef90e103a12
0,61,高中,1.农、林、牧、渔业,近视,无,AndroidOS,360,780,5,5,3,3,4,6271130d96f14ef90e103a13
1,63,初中,1.农、林、牧、渔业,老花眼,佩戴眼镜,AndroidOS,400,867,5,5,1,5,3,6271130e96f14ef90e103a14
1,63,初中,1.农、林、牧、渔业,老花眼,佩戴眼镜,AndroidOS,400,867,5,5,1,5,3,6271130e96f14ef90e103a15
1,63,初中,1.农、林、牧、渔业,老花眼,佩戴眼镜,AndroidOS,400,867,5,5,1,5,3,6271130e96f14ef90e103a16
0,,初中,1.农、林、牧、渔业,其他疾病,佩戴眼镜,AndroidOS,400,889,4,5,3,4,4,6271132b96f14ef90e103a17
0,,高中,1.农、林、牧、渔业,完全正常,无,AndroidOS,400,867,1,1,1,1,1,6271143496f14ef90e103a18
1,75,小学,1.农、林、牧、渔业,其他疾病,无,iOS,414,736,5,5,5,5,5,6271144496f14ef90e103a19
0,62,初中,1.农、林、牧、渔业,完全正常,无,AndroidOS,340,737,3,2,3,4,3,6271145a96f14ef90e103a1a
1,62,初中,1.农、林、牧、渔业,老花眼,佩戴眼镜,AndroidOS,400,880,4,3,5,4,4,6271155d96f14ef90e103a1b
1,66,初中,1.农、林、牧、渔业,老花眼,无,AndroidOS,401,889,5,3,3,2,4,6271157496f14ef90e103a1c
1,66,初中,11.房地产业,完全正常,无,AndroidOS,400,867,4,2,3,4,2,627115af96f14ef90e103a1d
0,83,小学,1.农、林、牧、渔业,老花眼,佩戴眼镜,AndroidOS,360,780,2,4,3,4,5,627115f496f14ef90e103a1e
0,66,小学,,老花眼,进行过手术,AndroidOS,341,749,,,,,,6271163b96f14ef90e103a1f
1,,初中,15.居民服务、修理和其他服务业,老花眼,无,AndroidOS,400,889,3,5,5,4,5,627116a596f14ef90e103a20
0,60,初中,1.农、林、牧、渔业,完全正常,无,AndroidOS,400,889,,,,,,627117cd96f14ef90e103a21
0,,本科,9.信息传输、软件和信息技术服务业,老花眼,无,AndroidOS,400,825,5,5,5,5,5,6271187d96f14ef90e103a22
0,,,,近视,无,AndroidOS,401,889,3,3,2,3,2,6271189e96f14ef90e103a23
0,60,高中,8.住宿和餐饮业,完全正常,无,AndroidOS,400,889,1,1,1,1,1,6271194496f14ef90e103a24
1,63,高中,1.农、林、牧、渔业,老花眼,佩戴眼镜,AndroidOS,341,737,5,,,,,6271198996f14ef90e103a25
0,,初中,16.教育,完全正常,无,AndroidOS,400,889,1,,,,4,62711b7396f14ef90e103a26
0,65,高中,1.农、林、牧、渔业,近视,无,AndroidOS,360,760,4,5,3,4,2,62711c1396f14ef90e103a27
0,,初中,16.教育,完全正常,无,AndroidOS,400,889,1,,,,4,62711c2296f14ef90e103a28
0,17,初中,16.教育,完全正常,无,AndroidOS,400,889,4,3,2,5,4,62711cde96f14ef90e103a29
1,14,初中,16.教育,完全正常,无,AndroidOS,885,400,5,5,5,5,5,62711ce196f14ef90e103a2a
0,,初中,16.教育,完全正常,无,AndroidOS,401,889,3,5,5,5,2,62711cfc96f14ef90e103a2b
0,,初中,16.教育,完全正常,无,AndroidOS,401,889,3,5,5,5,2,62711d3096f14ef90e103a2c
0,62,初中,1.农、林、牧、渔业,老花眼,佩戴眼镜,AndroidOS,400,889,3,4,4,,4,62711d5e96f14ef90e103a2d
0,,高中,1.农、林、牧、渔业,近视,佩戴眼镜,AndroidOS,360,792,5,5,5,5,5,62711d6196f14ef90e103a2e
1,14,初中,16.教育,完全正常,无,AndroidOS,400,575,5,5,5,5,5,62711d7b96f14ef90e103a2f
0,65,高中,1.农、林、牧、渔业,老花眼,无,AndroidOS,303,628,3,5,3,4,2,62711dbb96f14ef90e103a30
0,62,高中,15.居民服务、修理和其他服务业,老花眼,佩戴眼镜,iOS,390,844,4,3,4,4,4,62711dca96f14ef90e103a31
0,65,初中,15.居民服务、修理和其他服务业,近视,佩戴眼镜,AndroidOS,400,889,5,5,4,5,5,62711dff96f14ef90e103a32
0,60,高中,16.教育,完全正常,无,AndroidOS,400,889,4,3,2,5,4,62711dff96f14ef90e103a33
0,65,初中,15.居民服务、修理和其他服务业,近视,佩戴眼镜,AndroidOS,400,889,5,5,4,5,5,62711e4796f14ef90e103a34
0,,,1.农、林、牧、渔业,完全正常,无,AndroidOS,400,889,1,1,1,1,1,62711e5396f14ef90e103a35
0,,初中,6.批发和零售业,老花眼,佩戴眼镜,AndroidOS,360,780,5,5,5,5,5,62711e9396f14ef90e103a36
0,,高中,,完全正常,无,AndroidOS,360,800,4,4,4,,4,62711f6b96f14ef90e103a37
1,,初中,1.农、林、牧、渔业,老花眼,佩戴眼镜,AndroidOS,400,867,3,3,3,3,5,62711f7396f14ef90e103a38
1,,高中,1.农、林、牧、渔业,完全正常,无,AndroidOS,440,978,5,5,3,5,5,6271200396f14ef90e103a39
0,62,初中,1.农、林、牧、渔业,老花眼,佩戴眼镜,AndroidOS,341,756,5,4,3,4,4,6271207c96f14ef90e103a3a
1,63,初中,1.农、林、牧、渔业,完全正常,无,AndroidOS,360,760,,,,,,627120aa96f14ef90e103a3b
0,,初中,16.教育,完全正常,无,AndroidOS,400,867,3,4,4,4,4,627120c596f14ef90e103a3c
0,66,初中,,近视,佩戴眼镜,AndroidOS,400,889,5,5,,,5,6271210d96f14ef90e103a3d
0,66,初中,,近视,佩戴眼镜,AndroidOS,400,889,5,5,,,5,6271210d96f14ef90e103a3e
0,63,高中,16.教育,老花眼,无,AndroidOS,400,856,5,5,1,5,3,6271212696f14ef90e103a3f
0,66,初中,,近视,佩戴眼镜,AndroidOS,400,889,5,5,,,5,6271214796f14ef90e103a40
0,66,初中,,近视,佩戴眼镜,AndroidOS,400,889,5,5,,,5,6271214896f14ef90e103a41
0,66,初中,,近视,佩戴眼镜,AndroidOS,400,889,5,5,,,5,6271214896f14ef90e103a42
1,60,高中,3.制造业,完全正常,无,AndroidOS,401,889,5,5,3,5,3,6271214b96f14ef90e103a43
1,60,小学,1.农、林、牧、渔业,完全正常,无,AndroidOS,400,892,5,4,5,5,5,6271214d96f14ef90e103a44
1,63,初中,1.农、林、牧、渔业,完全正常,无,AndroidOS,360,780,3,3,4,3,3,6271215f96f14ef90e103a45
1,63,初中,1.农、林、牧、渔业,完全正常,无,AndroidOS,360,760,,,,,,6271216296f14ef90e103a46
1,63,初中,1.农、林、牧、渔业,完全正常,无,AndroidOS,360,760,,,,,,6271216296f14ef90e103a47
0,60,初中,,完全正常,无,AndroidOS,400,867,3,,,,,627121f796f14ef90e103a48
0,61,初中,1.农、林、牧、渔业,老花眼,佩戴眼镜,AndroidOS,400,892,5,5,3,5,4,6271222196f14ef90e103a49
0,61,小学,,近视,无,AndroidOS,400,867,3,2,,,,6271225296f14ef90e103a4a
1,61,初中,1.农、林、牧、渔业,近视,佩戴眼镜,AndroidOS,401,845,3,5,2,5,5,6271227c96f14ef90e103a4b
1,63,初中,1.农、林、牧、渔业,完全正常,无,AndroidOS,360,760,,,,,,627122b196f14ef90e103a4c
1,63,初中,1.农、林、牧、渔业,完全正常,无,AndroidOS,360,760,,,,,,627122cb96f14ef90e103a4d
1,63,初中,1.农、林、牧、渔业,完全正常,无,AndroidOS,360,760,,,,,,627122cb96f14ef90e103a4e
0,,初中,1.农、林、牧、渔业,老花眼,佩戴眼镜,AndroidOS,400,823,3,3,3,4,4,6271247596f14ef90e103a4f
1,60,初中,,近视,佩戴眼镜,AndroidOS,400,800,4,3,3,3,2,6271251e96f14ef90e103a50
1,66,初中,5.建筑业,完全正常,无,AndroidOS,400,845,3,3,3,3,3,6271253496f14ef90e103a51
1,,高中,10.金融业,完全正常,无,AndroidOS,401,858,5,5,5,5,5,6271261696f14ef90e103a52
1,,高中,10.金融业,完全正常,无,AndroidOS,401,858,5,5,5,5,5,6271262496f14ef90e103a53
1,,高中,10.金融业,完全正常,无,AndroidOS,401,858,5,5,5,5,5,6271262496f14ef90e103a54
0,62,初中,1.农、林、牧、渔业,完全正常,无,AndroidOS,360,780,5,5,5,5,5,6271269496f14ef90e103a55
1,64,初中,8.住宿和餐饮业,完全正常,无,AndroidOS,360,780,5,4,4,4,4,6271277996f14ef90e103a56
1,65,硕士及以上,13.科学研究和技术服务业,近视,无,AndroidOS,400,889,4,3,2,4,4,627127d796f14ef90e103a57
0,,初中,6.批发和零售业,完全正常,无,AndroidOS,400,867,3,3,3,3,3,6271280496f14ef90e103a58
0,70,初中,8.住宿和餐饮业,完全正常,无,AndroidOS,400,880,4,3,4,3,4,6271280496f14ef90e103a59
0,,初中,6.批发和零售业,完全正常,无,AndroidOS,400,867,3,3,3,3,3,6271282696f14ef90e103a5a
0,,初中,1.农、林、牧、渔业,老花眼,无,AndroidOS,360,800,5,4,5,5,5,6271286896f14ef90e103a5b
1,67,初中,1.农、林、牧、渔业,老花眼,佩戴眼镜,AndroidOS,400,880,4,3,5,3,5,6271286e96f14ef90e103a5c
0,,初中,6.批发和零售业,完全正常,无,AndroidOS,400,867,3,3,3,3,3,6271289a96f14ef90e103a5d
0,,初中,6.批发和零售业,完全正常,无,AndroidOS,400,867,3,3,3,3,3,6271289a96f14ef90e103a5e
0,,初中,6.批发和零售业,完全正常,无,AndroidOS,400,867,3,3,3,3,3,627128a896f14ef90e103a5f
0,,初中,6.批发和零售业,完全正常,无,AndroidOS,400,867,3,3,3,3,3,627128a896f14ef90e103a60
0,,初中,6.批发和零售业,完全正常,无,AndroidOS,400,867,3,3,3,3,3,627128bd96f14ef90e103a61
0,,初中,6.批发和零售业,完全正常,无,AndroidOS,400,867,3,3,3,3,3,627128bd96f14ef90e103a62
0,,初中,6.批发和零售业,完全正常,无,AndroidOS,400,867,3,3,3,3,3,627128bd96f14ef90e103a63
0,43,小学,1.农、林、牧、渔业,完全正常,无,AndroidOS,401,889,5,4,1,3,2,627128fd96f14ef90e103a64
0,61,初中,8.住宿和餐饮业,完全正常,无,iOS,414,736,2,2,2,2,2,6271299b96f14ef90e103a65
0,,本科,1.农、林、牧、渔业,老花眼,进行过手术,AndroidOS,360,640,3,3,3,3,3,627129c696f14ef90e103a66
1,65,初中,1.农、林、牧、渔业,老花眼,佩戴眼镜,AndroidOS,440,954,2,2,2,4,5,627129de96f14ef90e103a67
0,68,高中,8.住宿和餐饮业,老花眼,佩戴眼镜,iOS,390,844,4,3,4,4,4,62712b0296f14ef90e103a68
1,,初中,3.制造业,老花眼,佩戴眼镜,AndroidOS,360,800,3,3,3,4,4,62712b4896f14ef90e103a69
0,61,高中,9.信息传输、软件和信息技术服务业,近视,无,AndroidOS,400,867,5,5,5,5,5,62712c7596f14ef90e103a6a
0,66,高中,8.住宿和餐饮业,完全正常,佩戴眼镜,AndroidOS,360,760,4,5,4,5,4,62712d6396f14ef90e103a6b
1,,初中,,近视,佩戴眼镜,AndroidOS,400,856,2,2,2,2,2,62712dd596f14ef90e103a6c
0,70,高中,8.住宿和餐饮业,老花眼,无,AndroidOS,401,845,3,4,4,4,3,62712e2496f14ef90e103a6d
0,60,初中,1.农、林、牧、渔业,完全正常,无,AndroidOS,400,800,5,5,5,5,5,62712e9b96f14ef90e103a6e
0,,,,近视,佩戴眼镜,AndroidOS,400,889,3,3,3,3,2,62712efe96f14ef90e103a6f
1,64,初中,1.农、林、牧、渔业,完全正常,无,AndroidOS,360,780,4,4,4,4,4,62712f1796f14ef90e103a70
1,63,高中,5.建筑业,老花眼,佩戴眼镜,AndroidOS,400,845,4,4,4,5,3,62712f2996f14ef90e103a71
0,70,初中,16.教育,完全正常,无,AndroidOS,400,845,2,3,4,3,2,62712f4596f14ef90e103a72
,iOS,414,736,1,62,初中,老花眼,无,5,5,5,5,5,627130de96f14ef90e103a73
,iOS,414,736,1,62,初中,老花眼,无,5,5,5,5,5,6271319796f14ef90e103a74
1,,初中,8.住宿和餐饮业,老花眼,佩戴眼镜,AndroidOS,393,873,4,2,4,3,3,627131cd96f14ef90e103a75
1,,初中,8.住宿和餐饮业,老花眼,佩戴眼镜,AndroidOS,393,873,4,2,4,3,3,627131dc96f14ef90e103a76
1,,初中,8.住宿和餐饮业,老花眼,佩戴眼镜,AndroidOS,393,873,4,2,4,3,3,627131dc96f14ef90e103a77
1,,初中,8.住宿和餐饮业,老花眼,佩戴眼镜,AndroidOS,393,873,4,2,4,3,3,627131dc96f14ef90e103a78
0,,小学,1.农、林、牧、渔业,老花眼,无,AndroidOS,360,770,5,2,3,3,5,627131fa96f14ef90e103a79
1,,初中,2.采矿业,老花眼,佩戴眼镜,AndroidOS,360,780,4,3,4,4,5,6271321c96f14ef90e103a7a
1,67,小学,16.教育,老花眼,佩戴眼镜,iOS,414,736,3,1,1,3,5,6271331796f14ef90e103a7b
0,,初中,6.批发和零售业,近视,佩戴眼镜,AndroidOS,400,889,5,5,5,5,5,6271339e96f14ef90e103a7c
0,66,高中,6.批发和零售业,老花眼,无,iOS,768,1024,5,,1,3,5,627133ce96f14ef90e103a7d
0,67,初中,4.电力、热力、燃气及水生产和供应业,老花眼,无,iOS,390,844,3,3,4,4,2,627133d896f14ef90e103a7e
1,66,初中,3.制造业,老花眼,佩戴眼镜,AndroidOS,360,800,4,2,2,2,5,6271340e96f14ef90e103a7f
0,,初中,16.教育,近视,无,AndroidOS,340,756,4,4,4,4,4,627135b996f14ef90e103a80
0,61,初中,6.批发和零售业,老花眼,无,AndroidOS,400,889,,,,,,627139df96f14ef90e103a81
0,,初中,1.农、林、牧、渔业,老花眼,佩戴眼镜,AndroidOS,401,858,5,4,5,5,5,6271a1c196f14ef90e103a82
1,62,初中,16.教育,完全正常,无,AndroidOS,440,978,5,5,3,5,3,6271b88d96f14ef90e103a83
1,62,初中,1.农、林、牧、渔业,老花眼,无,AndroidOS,360,800,2,3,2,3,5,6271d03e96f14ef90e103a84
